24bf7c0	Metadata-name reference candidate: GcRewardUnlockSeasonReward
24bf8b0	Metadata-name reference candidate: GcRewardUpgradeShipClass
24bf900	Metadata-name reference candidate: GcRewardUpgradeWeaponClass
24bfbb0	Metadata-name reference candidate: GcRewardWeaponSlot
24d18e0	Metadata-name reference candidate: GcRewardSpecificTech
24e6c00	Metadata-name reference candidate: GcRewardShipSlot
24e7d30	Metadata-name reference candidate: GcRewardSpecificProductRecipe
251feb0	Metadata-name reference candidate: GcRewardFreighterSlot
25205b0	Metadata-name reference candidate: GcRewardInstallTech
25206ec	Metadata-name reference candidate: GcRewardInventorySlots
