post_id	published_date	category	seed	image_review	observation
1wqt8d7	2026-09-26	Sentinel	0x5EEDC0DE145A6444	viewed	Dark angular hull; wide wing assembly; purple exhaust; strong orange/pink environment.
1wmyxu4	2026-09-22	Unknown		metadata_only	Collection announcement; not an independent seed fixture.
1vn9zhq	2026-08-13	Sentinel		metadata_only	Orange/white interceptor request; no seed in feed title.
1v3c8nt	2026-07-22	Sentinel		metadata_only	Help request; no seed in feed title.
1uwtnrs	2026-07-15	Freighter		metadata_only	Blue/white freighter request; no seed in feed title.
1ugll11	2026-06-26	Living		metadata_only	Living ship request; no seed in feed title.
1tzpkhu	2026-06-07	Unknown		metadata_only	Ship request; no seed in feed title.
1qwwbc3	2026-02-05	Unknown		metadata_only	Same ship with black engines request; no seed in feed title.
1pu19do	2025-12-23	Staff		metadata_only	Staff color request; no seed in feed title.
1ps8rlh	2025-12-21	Unknown		metadata_only	Same ship/different color request; no seed in feed title.
1nzxexf	2025-10-06	Multitool		metadata_only	Weapon rack request; no seed in feed title.
1nxr0y6	2025-10-04	Unknown		metadata_only	Seed request; no seed in feed title.
1nwqiaz	2025-10-03	Sentinel		metadata_only	Classic Sentinel request; no seed in feed title.
1ni6ghx	2025-09-16	Pirate		metadata_only	Black pirate home-color request; model/home channels must remain distinct.
1ng5ed4	2025-09-13	Freighter		metadata_only	Freighter home/hangar color request; no seed in feed title.
1ndtaea	2025-09-10	Sentinel		metadata_only	A-class Sentinel discussion; appearance seed alone cannot validate class.
1ndfynt	2025-09-10	Hauler		metadata_only	Hauler request; no seed in feed title.
1k0048o	2025-04-15	Sentinel		metadata_only	Interceptor/robot fighter images present in feed; not visually annotated.
1iz208c	2025-02-26	Unknown		metadata_only	Community discussion; not a seed fixture.
1fzuvvc	2024-10-09	Unknown		metadata_only	Database announcement; not an independent seed fixture.
1etkexv	2024-08-16	Living		metadata_only	Living ship request; no seed in feed title.
1ep9xs6	2024-08-11	Sentinel	0x1CC5578874FA50E3	viewed	Blue/light hull with yellow panels; angular forked nose; Fighter flair disagrees with visible Sentinel geometry.
1eb2299	2024-07-24	Unknown		metadata_only	Ship request; no seed in feed title.
1e8l53l	2024-07-21	Sentinel		metadata_only	Interceptor request; no seed in feed title.
1e698vl	2024-07-18	Sentinel	0xDEE17680BD08943F	viewed	Orange/red dark hull; long thin lateral wings; strong red station lighting; comment explicitly identifies robot type despite Fighter flair.
1au1m8y	2024-02-18	Pirate	0x3E38C3AF76D89BBD	viewed	Long dark dreadnought; red emissive underside; blue tint; comment requires Pirate type separately.
1au1jhq	2024-02-18	Starborn	0x6	viewed	Red/white flat hull; dark lateral radiator assemblies; unique reward model.
189gapw	2023-12-02	GoldenVector	0x1	viewed	Gold hull; blue nose; dark wing panels; three rear rings; comment requires Golden Vector type separately.
189fuhq	2023-12-02	Fighter	0xA547AB958C97E439	viewed	Red/white short rounded nose; broad upright outer wings; daylight green environment.
17wxzmp	2023-11-16	Hauler	0xD440D42921FFFF7A	viewed	Blue/yellow hull; four blue spherical containers; short cab/box tail.
17wxukg	2023-11-16	Hauler	0x4ED85EFBECDBD141	viewed	Yellow/green hull; four blue spherical containers; long neck/tail.
17wx8lr	2023-11-16	Hauler	0x3D0451D7500D46D2	viewed	Light blue/cream hull; four blue spherical containers; long neck/tail.
17wwlg0	2023-11-16	Hauler	0xD65268FD4C311001	viewed	Pale green hull; green circular container caps without broad fins; four blue spheres; long neck/tail.
17wvx9o	2023-11-16	Hauler	0xC4113F655F1A13C6	viewed	Yellow hull; broad yellow spherical-container fins; four blue spheres; long neck/tail.
17s9mh9	2023-11-10	Hauler	0x10534F56ECEF61BF	viewed	Yellow/red hull; four blue spheres with broad fins; dark station lighting.
17ffjab	2023-10-24	Hauler	0x55AC810A5F672819	unavailable	Fan-wing/long-neck/long-tail title; feed did not expose image URL.
17ejj61	2023-10-23	Hauler	0x8CC21B1EE73DE552	unavailable	Fan-wing/long-neck/long-tail title; feed did not expose image URL.
17drk5s	2023-10-22	Hauler	0xAB5A7EA8EB43A808	viewed	White/light-blue hull; black broad wing with large cyan triangle decal; two glowing fans.
17ce4pj	2023-10-20	Hauler	0x8A59E139D21D9D4C	unavailable	Fan-wing/long-neck/long-tail title; feed did not expose image URL.
16h5y8q	2023-09-12	RoyalMultitool	0x360ABD7341F144D	viewed	Seed transcribed from image; red/magenta casing and gold trim around dark spherical body; purple environment.
168vxm2	2023-09-03	Fighter	1x1b283ccd6e08f645	viewed	Malformed seed prefix retained; white/purple long-nose fighter; multiple upright rear fins.
wlxreq	2022-08-11	Fighter	0x965FC2BBEE10F27	viewed	Red/dark long narrow nose; three rear nozzles; bright outdoor and warp views.
wlxpc3	2022-08-11	Capital	0x3D576085108C107B	viewed	Broad flat triangular capital hull; pale white with blue strip; purple space lighting; Home Seed absent.
wlxlvg	2022-08-11	Fighter	0x987C06BA90DF38ED	viewed	White/gold long narrow nose; block-like side engines; overhead daylight view.
wl6g4u	2022-08-10	LivingFrigate	0xCC502C51323548E7	viewed	Orange/red organic body with many long pale tentacles; dark space environment.
wl6cxo	2022-08-10	Solar	0x30CD78AE3FBD66F8	viewed	Red/black hull; blue hexagonal sails; same seed as incompatible white ship post; comment reports seed error.
wl6bf4	2022-08-10	Solar	0x30CD78AE3FBD66F8	viewed	White/black hull; green round sails; conflicting duplicate; comments describe old-color override in save editor, unverified here.
wl69so	2022-08-10	Solar	0x6029D516452FBF5D	viewed	Cyan/white/gold hull with red accents; cyan angular sails; several station views.
wl67ks	2022-08-10	Fighter	0x9269AAC0E69B6A22	viewed	Short rounded white nose; yellow/green/orange side panels; compact body.
wk9gh2	2022-08-09	Unknown		metadata_only	Discord announcement; not a seed fixture.
wk92e1	2022-08-09	Fighter	0x5EEDC0DEC5F821FC	viewed	White/red long forked-looking nose; dorsal fin and short horizontal wings.
wiegn1	2022-08-07	Squid	0xB1338B4DD08492A6	viewed	Pale purple squid with long tubes and dark stripe pattern; cyan station illumination.
wiedoz	2022-08-07	Squid	0xB083A4ACC5FD4117	viewed	Off-white/grey squid with dark zebra-like pattern; blueish tubes; different lighting views disagree on tint.
wiecnm	2022-08-07	Fighter	0x879F7C8093EAD4B3	viewed	White long-nose hull; central round engine and box-like side engines; strong purple tint in some views.
wiebmp	2022-08-07	Fighter	0xDA8653D6224119CF	viewed	Yellow/dark narrow hull; three nozzles; apparent green/orange shifts across lighting views.
wiea2k	2022-08-07	Multitool	0x178B99DB843CB6E0	viewed	White experimental rifle; black lattice surface; circular side element; S badge does not prove seed controls class.
wie953	2022-08-07	Multitool	0xF0541468CDACE54D	viewed	White experimental rifle; curved raised cables and grey markings; S badge is separate evidence.
wie7i1	2022-08-07	Capital	0x4FB896194876B378	unavailable	Only title/black image placeholder observed; do not infer visual colors from title.
wehkru	2022-08-02	Explorer	0x95EB363095646A28	viewed	Dark upright hull; large blue rectangular side panels; strong cyan station lighting.
wehhbs	2022-08-02	Capital	0x82ADEF2B7DAF6900	viewed	Dark long segmented dreadnought hull; red panels and spherical cargo pods; blue emissive points.
wehfmi	2022-08-02	Hauler	0x4141D8C1E53C02BE	unavailable	Only title/black image placeholder observed; slanted wings not visually confirmed.
wehdq6	2022-08-02	Hauler	0x5FCC9C80167B4A69	unavailable	Only title/black image placeholder observed; color claim not visually confirmed.
wehbwd	2022-08-02	Hauler	0x873CD47C99FF26C	unavailable	Only title/black image placeholder observed; color claim not visually confirmed.
we74uv	2022-08-02	RoyalMultitool	0xC329C54E37943A43	viewed	White/gold long pointed Royal multitool; dark hexagonal sphere; blue window details.
